{
  "images" : [
    {
      "filename" : "template-3.png",
      "idiom" : "universal",
      "scale" : "1x"
    },
    {
      "idiom" : "universal",
      "scale" : "2x"
    },
    {
      "idiom" : "universal",
      "scale" : "3x"
    },
    {
      "height-class" : "compact",
      "idiom" : "universal",
      "scale" : "1x"
    },
    {
      "height-class" : "compact",
      "idiom" : "universal",
      "scale" : "2x"
    },
    {
      "height-class" : "compact",
      "idiom" : "universal",
      "scale" : "3x"
    },
    {
      "idiom" : "universal",
      "scale" : "1x",
      "width-class" : "compact"
    },
    {
      "idiom" : "universal",
      "scale" : "2x",
      "width-class" : "compact"
    },
    {
      "idiom" : "universal",
      "scale" : "3x",
      "width-class" : "compact"
    },
    {
      "height-class" : "compact",
      "idiom" : "universal",
      "scale" : "1x",
      "width-class" : "compact"
    },
    {
      "height-class" : "compact",
      "idiom" : "universal",
      "scale" : "2x",
      "width-class" : "compact"
    },
    {
      "height-class" : "compact",
      "idiom" : "universal",
      "scale" : "3x",
      "width-class" : "compact"
    }
  ],
  "info" : {
    "author" : "xcode",
    "version" : 1
  },
  "properties" : {
    "auto-scaling" : "auto",
    "compression-type" : "lossy"
  }
}
